"Y","one","X1","X2","X3"
0.3956914663556119,1.0,0.7396206598864331,-0.7445071021408705,-0.6085075626113596
-0.4529255224331873,1.0,-1.7234565107957984,-0.6756156074023714,0.5566463333701307
1.0730788557221618,1.0,-0.8615844731669183,0.5180851077313978,1.2482298080972933
-0.8544612836600115,1.0,1.1691129549524617,-0.09301787986362445,-1.2924032572712176
-0.013719408578227977,1.0,-0.011873256212467763,0.5791314456642672,-0.6803112469849499
2.364813719897869,1.0,-0.26007710474968765,0.29049659536661193,-0.3635063874585489
0.3342287731081131,1.0,1.2477922679206213,0.2717241364145167,-0.11272490117175302
2.4790429098091473,1.0,0.41233562214616576,1.0834956067463324,0.04966807441646436
-2.185467814098634,1.0,0.10427147376649322,1.3265090522930272,-0.07428937249760743
-2.813450199790808,1.0,0.3370631076546596,-2.388837036373165,0.15190038058255595
0.8159912118061132,1.0,-0.7990768567056883,0.7342746752417767,-1.1596345095345
1.5715054998927154,1.0,0.7769245961237916,-0.5143715816952388,-0.04207012877615173
-0.3899106862750491,1.0,0.2585149756332456,-1.6562771772506235,0.9407467463321658
1.2966566251516483,1.0,-0.05450161135757401,0.07192938816697338,2.2258662627392223
-1.9997669230947888,1.0,0.07271113204569304,-0.8898360800870682,2.0703778352657465
-0.8797305720498548,1.0,0.15945601206449384,-1.0387448079379316,1.682943938517254
0.32342338618254174,1.0,0.7891812872196511,-1.158880202820093,0.8126065168789763
-0.331850139989548,1.0,0.3655878670638517,0.2669387024830013,-0.435897825506173
0.11949611813685086,1.0,-0.3648135103780234,1.719423937707128,0.053874878876387054
-0.11913330558833402,1.0,-0.4840956505323574,-0.8774724526885935,0.03052274363283001
-1.2342655503006037,1.0,-2.157759671956101,-0.23212020322497978,0.002886302691884265
-0.324657426122134,1.0,-0.7488891918564045,-1.9288726855482734,-0.957714027299274
1.019112302206464,1.0,-1.0725718355011593,-0.116700973124161,-1.4729289398645977
-1.1173668271551445,1.0,-1.0169263087105647,-0.1591150907145019,0.2861650099414083
1.709958374839314,1.0,0.7496006051155067,-0.8645606649631661,1.3127466747966905
1.659942392405025,1.0,-1.14394715620104,-2.3173331513438704,0.6981695402253234
0.2663120794607158,1.0,-0.6129971138541815,-0.23861437802384272,1.3727678237014762
1.1635787616044735,1.0,-0.23488203426703036,0.19682790733479097,2.261515874530764
1.3963497151748563,1.0,0.6378375304318563,-1.017462970488312,2.7300366119049335
0.37867227986906765,1.0,0.9214400014533959,1.5760212303030312,-0.60016884752868
-1.4552382580632544,1.0,0.02761757374312214,0.08932841830277675,2.133939409368139
-0.6437523574974238,1.0,0.8041032954513649,1.0389863134988178,0.4062687180449329
1.8767183092858382,1.0,0.5169046579125618,0.20037432664330376,-0.5755043236190532
0.5175353620344554,1.0,0.28229818534669177,-0.557930980746077,-1.3234499149291936
0.42243403050602957,1.0,-0.03934943040973846,-0.1482192762863814,-0.05377553700381356
0.8758211168181297,1.0,-1.8967731431736268,-1.1148161704219057,0.5991951742633398
-1.8844065167843438,1.0,-0.8188611102405264,-0.08614301986393039,-0.7377686575835856
1.5757160990167036,1.0,1.1790205367749218,-0.19184056845529118,-0.5488312562463842
-0.6770295681708922,1.0,-0.5578092618380375,-0.4533950596290527,0.004306050642224465
0.7219467149853391,1.0,1.7083258150521317,-1.4126660497897485,-1.091100394585847
0.8414008598511503,1.0,-0.7367165205821097,-0.43721757643613757,0.38165191478934946
-1.7960459580317742,1.0,0.18897933122558103,1.743024288564953,0.11744075539215598
0.2749087516328747,1.0,-1.086816014015628,-0.2702489691628799,-0.009383488506625676
1.541201080052828,1.0,1.4877875143544128,-2.6411702637965253,-0.9789089154964974
0.4512786037272798,1.0,1.5265106630096086,0.5560241331483449,-0.3785713992403485
0.9575743323185485,1.0,0.3741604692024446,0.5822747017430463,-0.8504983733782472
1.1918587478365659,1.0,0.35658696971155784,-0.47582171350139335,1.0822224518280728
-0.5756860988757961,1.0,-1.222916896959157,-0.1456373208121506,-0.11015954766893801
-0.1923689840138138,1.0,-0.7081138236268371,-0.6538140837569779,0.8671007012816742
-0.4908704524147983,1.0,1.0163078004216572,0.5349170152545908,-0.7751534003337368
0.7578850490759588,1.0,0.8692331018515317,-0.19288317079126313,-0.28096664547374756
-0.37885304702500366,1.0,-0.03489143586785295,0.3421399873408964,0.7896550215887678
1.55928330452989,1.0,-0.27640086967289507,0.9187360314894102,0.4644386376472745
1.2773680869303456,1.0,-0.8075111768673885,0.2912929623895029,-0.12455178287096792
0.02965029768118298,1.0,0.8386460304095836,-2.449101706805651,1.666555621791518
-2.0744381172483815,1.0,0.29320237396196464,-0.9506579238011733,-1.1035159203897889
-0.47929460108368427,1.0,-1.5767807707258532,-0.9406619758008755,-1.0151253419813155
-0.8130873565116814,1.0,2.5482073897425126,0.4988104416118897,1.27934169268639
0.32826715175674,1.0,0.13032648238181996,0.49196899626631263,-0.7697826941062146
0.18146092895323815,1.0,0.6079663939702223,0.8269913137054791,-1.167909416226542
0.7526638498805431,1.0,-0.263777851730034,-0.43243348556066663,1.0403104183461975
0.23678127426250203,1.0,-1.837930112840168,-1.0984690713265688,0.11936013286646051
-0.13973568129661507,1.0,0.5924661208847875,1.399670153705572,-0.9207533300385534
0.3792355078597094,1.0,0.48136048889612243,0.3049725458795996,0.9762433317328397
0.6633523556898167,1.0,0.7339957884001171,0.1616831133132248,-0.2522523327869688
0.7429225938850584,1.0,-0.3223076215540981,-0.31236274447789586,-0.9037595337625384
-0.31286061401652426,1.0,-0.791116343555894,-0.3605743069923951,0.638614470642898
-0.1825571408989193,1.0,-0.12801385232281928,-0.9034502672910046,-0.35936782157239616
1.38662081806274,1.0,0.4456045951426301,-0.6704489560427578,-0.9289476765052487
0.3028653632388102,1.0,0.006235240211168554,0.3028042546212024,-0.15856972290862434
-0.12241930316103139,1.0,-0.17519754087708914,-1.6587645103513045,-1.0364767480617185
2.3952056570793374,1.0,-0.6312029760408322,-0.28861451741755134,-0.6503862360693244
-2.39562701551382,1.0,1.7472146377535778,0.8428506715289763,-0.4859926495454103
0.21136342845764225,1.0,0.570230863238585,0.23648147214740045,-0.7741367164282533
0.943220817507922,1.0,2.816962194205177,0.7994912158345377,-0.11148193442618864
-0.2384475342010049,1.0,0.35554816063307926,-0.10604285491083396,1.0011577528222861
0.1626738391847187,1.0,-0.2151783916988172,-0.6198485238885201,-1.2334232473604068
-1.304273112051917,1.0,-1.4091620267716347,0.4836953315026161,-0.25275408034702507
-1.0301710973379299,1.0,-0.40419371343437877,-0.10501410715003037,-1.6986443753418452
-0.3076026066846879,1.0,-0.4470941502088462,-1.4349329469160628,-0.19850331577456132
-0.8546055157848251,1.0,0.16675697001171952,-0.48874061055332246,0.8903003383666293
-1.3531023455422402,1.0,0.5813285778863135,1.3769738563496132,-0.29006697611022014
-0.7136904436273885,1.0,0.19675348096757567,1.466810563832008,-0.674002589413764
2.1510949217030793,1.0,0.5616432304367848,0.5015252148708117,-1.8255204898684492
0.832718268343002,1.0,0.8416018453694922,-0.7117782253479452,1.3534516778963444
-0.05725743894366997,1.0,-1.064274254815613,1.1906399808821306,0.7044101777206668
-0.40609625427608836,1.0,1.2142863718768553,1.0366493694394585,2.5011182847035838
-0.6072731219864255,1.0,0.31438881725733536,-0.4257415140058441,0.3857472149713257
0.5144322814999931,1.0,0.5183217073554496,-0.3297148399314895,0.7100733755735124
-1.4347455959761788,1.0,-0.298315646633361,-0.1859898603957702,0.10865726649792662
0.6407117478795761,1.0,0.5724776430968089,-0.4410130831362367,-0.8567759573657892
-0.4403712005624354,1.0,0.07322903371223476,0.34838985370789005,0.03333527704052754
1.4782848668229733,1.0,-1.974401966811797,0.6174108419158255,-0.4904624889544439
0.2057489669385441,1.0,-0.3210835102598013,-1.1688696283212616,-0.4369808677028199
-0.20928313174648494,1.0,-1.3570945645627628,-0.7506142537189342,-1.0496104078445085
1.5127296245030488,1.0,0.046184948198237846,-1.257890700307005,-0.016827773598588253
-1.3082167305095826,1.0,-0.3957164772502222,0.2310465813755915,0.8210125864702366
-0.1515299778766624,1.0,-0.42603061305495704,-1.1739770799117157,1.3933960317620833
-1.6191409003185144,1.0,0.9865446268533214,-1.1416659721009328,-0.5052881407206705
-0.034229966330798,1.0,-0.21086153256065143,-1.0359178446875958,-0.14847870951725958
0.3617695344237377,1.0,1.4107942001464662,0.9365177910550346,0.9042265651308649
0.1760473008890846,1.0,1.4825408036038332,0.16063031270251668,-0.24447852217124283
0.4395618931704741,1.0,0.5600336390482454,-0.7624664610273826,0.034725496956731605
-1.8219815103669084,1.0,-0.17785222957462482,-2.0016664084372557,0.14923447002887025
0.7827288413147109,1.0,0.6126039286552046,1.090601671689138,-0.8065178219178827
-0.3358231008067256,1.0,-1.6471612762153598,-1.230571814352781,0.42195770322905435
-0.06123022424236228,1.0,1.2875209441782518,0.9897352839821043,-1.3428288609218606
0.31409286400646763,1.0,0.3861528607405008,-1.7514006856017275,1.4049438416757223
1.3621143835471659,1.0,-0.7297289039007756,0.5993565439122098,0.7562459133501734
-0.3610815896377463,1.0,-0.008175882518082335,-1.0173555129764622,1.501329339154237
0.19816432246050128,1.0,1.6576874175876581,0.509442603433335,1.025946540978318
0.2281758706453662,1.0,-0.1668195958121614,0.21104419394198573,-1.4507593612743097
-0.09121562897662785,1.0,-0.043313429565028504,2.363195006533652,-0.8754294386678921
-0.26922996522124565,1.0,1.3169469561417573,-0.7561455208034453,1.2001473644760103
0.7197918119776391,1.0,-1.5923892619884188,-0.2442033364972895,-0.5806418173737828
-0.5001248247252141,1.0,-0.3827361580108639,1.284301304451408,-2.12838397855404
-1.2052100983537364,1.0,0.8197994363921244,-0.7073260317751283,1.104306146004607
0.6600153805471343,1.0,0.3822587410152328,-0.917214135309199,-0.19645189568295024
0.6240740737824697,1.0,-0.3302800054741283,0.6380600759111849,0.28696302925930567
0.42521730072774727,1.0,0.976937873726695,-2.4879450738863924,1.157729355525532
0.7463784638814327,1.0,-0.9795047321592825,0.6476544278406651,0.552426318157115
-0.5315898099096139,1.0,0.5546427577169797,-0.31154876853388513,-0.011990220971963516
0.23097606070639312,1.0,-0.5438615725917001,0.8199561264550871,-1.088205276156335
-0.045454758027338005,1.0,-0.659828923025564,-2.5888490315395725,-0.07971978917616822
0.6521543539907193,1.0,1.4362189459002874,-1.6809043018708116,-1.5435887698769617
1.1063628478645884,1.0,2.0428189291346706,-0.7261026452845427,-0.3079075877649155
-0.845421042623582,1.0,-0.6775027550571349,0.6914430463176159,0.07310000152595705
-0.3183996892930128,1.0,-0.3768112271145877,-1.3888845942625925,-0.5352688928831729
-0.21179879937549032,1.0,-1.318145339629312,-1.4957099784327954,0.5975162188948653
-0.0968606578869648,1.0,0.4451131381590255,-0.1852646077232697,-0.570627528471493
1.1704826772138694,1.0,-1.6290011132895617,-0.16486097259696522,1.4487045772060358
0.8315780377592277,1.0,0.4573094828522115,0.1145386659938336,-0.2215816947165322
-1.1303479721061962,1.0,0.8952193591794021,0.3089025189572266,-2.439302940552981
0.42053054528690625,1.0,0.046623445066599774,0.12857929016073705,0.5610098324931531
0.4234524850949417,1.0,-1.3524490059002865,-0.0711359095612301,-1.2741959396684006
-1.9293700301213215,1.0,-1.3915636967995106,-1.0096848187963243,-1.4309119063983393
-0.592118753293754,1.0,-0.5051663180959733,-0.37398171888953335,0.3991400764494106
-0.23851864951923166,1.0,0.8415284375301759,0.6246387102704178,0.7837958031927795
-0.07824102521787007,1.0,-0.6114203831472835,-0.29169421367708803,0.4916758142420819
-0.88900766260579,1.0,0.29534045923217533,0.5637384584586828,0.3659710232844272
-0.40346611200959215,1.0,0.01880449862297862,-0.8772179193006107,2.089508686712772
1.500552844618527,1.0,-1.5575432866454113,1.277007494236282,1.2331703125930298
0.37648357725956283,1.0,-0.9442486043483838,-1.0423769898203132,0.9398084102307591
0.4618947572111378,1.0,-1.181796594931061,-0.8316663040886758,-1.1097606637199295
-0.5005131602089852,1.0,-0.15618185820937255,-1.0785113143487568,-0.07692863935042994
0.8276948641584876,1.0,-0.944719399793759,1.0786974910135725,0.48466233202943604
0.389829401319732,1.0,0.04904267442354615,-1.6889062096817515,0.4403275736061494
1.2445124579630007,1.0,0.8799263841691746,0.9334120590180884,-1.3268929367108395
1.4629610103629884,1.0,0.5548302663547556,1.1215083668726982,-1.341716841886489
-2.914852285036535,1.0,0.25542317960565475,-0.7619314021480257,-1.5222451599189524
-0.985844913308016,1.0,-0.6388542100956467,0.039602944846076495,-1.008433678695165
0.10621209600894092,1.0,-2.2648934996363357,0.5262815048061997,0.23991854882476987
-0.9560450214898478,1.0,-0.9967760224013996,1.2423893844900276,0.5221062951973512
0.047017342018669944,1.0,-0.017311288410776317,-0.28105682865883624,-1.8490860281911623
-1.8194205187961319,1.0,1.2347195268129945,-0.8405792799718339,-0.7041067822351098
0.11906269010482343,1.0,1.3890870173192402,0.4679694910415998,0.47698391330112994
-1.952508114036683,1.0,-0.7875121892491024,0.15016709602017317,-0.6130334170944849
0.472439112959405,1.0,-0.1243008463638447,0.9553074819353765,0.21470106603340372
-0.3762299906260961,1.0,-0.4918750289738546,-1.0789153767371435,-0.574022452871584
0.5800142094725383,1.0,0.204868473783029,1.3130524290775694,-1.4768777653025353
1.8233129390892855,1.0,-1.1728694356577996,1.0731613812753533,-1.523680959271585
0.6783463311547593,1.0,0.23794774969665494,-0.7465575539852564,-2.5160279577301567
0.3687418097438318,1.0,-0.3422036511081372,0.6904261434191948,0.03179077211881301
-0.39748026764472755,1.0,0.5748402092807956,-0.771328842384762,-0.34688431278653653
0.10967789448886935,1.0,0.35666686452470747,0.8117351464630097,0.45313688343131076
1.2636649921120924,1.0,1.3536067396768767,0.23122274520236333,0.8684796100001344
2.3120737933310673,1.0,-0.92629672166351,-1.2891096980573515,-0.042993439466502366
-1.0211517048831118,1.0,-1.2214615229357284,-1.0019922245229398,2.166648411423141
0.3693354326545349,1.0,-2.4464725010747115,-0.25187544401404593,-1.2364064766851484
1.7427293114161584,1.0,-0.16702782187722515,1.2271890906538578,1.433795632293572
1.0152093634048467,1.0,0.5998890882507417,-0.20923715074825597,0.6233126692302061
0.47634294162116375,1.0,1.0094872465551763,-0.34917723705089526,-0.7999562395675022
0.6974613985947724,1.0,-0.8711647036975013,-0.23662145047819613,-0.7468439905316059
-1.2102017825852687,1.0,-0.6340243469488407,0.18040663177022384,1.6529123859276154
0.04625464808822329,1.0,0.01747490969702148,0.8157048962680213,-0.921868198152555
-0.4006147799357883,1.0,0.33004119414084765,-0.3669537956580676,1.0560952081103572
-0.9253156588155994,1.0,-0.5945928693739785,-0.11781717588028984,0.32272277857729686
-0.7315234451203942,1.0,-0.9350086666891978,-1.2822876827806828,-1.0354844506188392
-1.004324510050615,1.0,1.2000681586425048,0.15112353503361706,0.8729675783963986
-0.6761225182944535,1.0,-0.08518798109508809,-0.8758214534501824,-1.758447792062548
0.5970433118183742,1.0,-3.5395054879882313,-1.4708082940083862,-0.8873563081343562
-0.9485620887861216,1.0,0.2836650478624479,-0.18255225867705951,1.1431459120354406
0.25813203245592176,1.0,0.8450334921270204,-0.8171298543695664,-0.5124767525425443
-0.2382302531880771,1.0,1.2695226582187993,0.3610058252659568,-1.622147934627126
0.7468842543823051,1.0,-0.4540402869110415,0.6898477048144788,-0.9453670219309398
-0.25832083827332336,1.0,0.41973648044792,0.26802413676356657,0.4934955391901138
0.9094227762762637,1.0,-0.8916480078914069,0.2846597367075295,0.5251466920324102
0.20387684351729055,1.0,1.1644293609886596,-1.4727563736570073,0.10088596265299125
1.250267657325666,1.0,-1.7407133862747832,-1.0882084715427922,-1.446776134446128
0.3053718629328444,1.0,0.2518018917226764,1.4903245873788116,2.7981921208896807
0.37194711312677464,1.0,0.6148782676242596,-0.23954187556037929,0.18944442664438887
0.18820688240721187,1.0,-3.5886827312809304,0.22379297923423858,1.371663952089431
0.27660032698832304,1.0,0.9495133742538454,2.1289488646110617,2.269107419440613
-0.0815789471117615,1.0,0.8946530739115518,0.9144865777510973,1.1664057543538042
0.4216105147857146,1.0,0.16744575348818572,-0.22793327266379435,1.5967738551571984
-0.1659290592159887,1.0,-2.0394247680586197,2.1693168662338396,1.3451610206771365
-1.0811764548852145,1.0,0.6391691418743864,1.2821416691590903,0.38043768947092865
-0.6760813010310569,1.0,-0.35914515559560095,0.23105034538223676,-0.8073307420466167
-0.10574538115158742,1.0,-0.3565521369556483,0.263568761711588,-0.16126274742386085
-0.4304949115030984,1.0,-0.5428437082636492,0.5275091342602676,2.094541734696571
-1.28896778278179,1.0,-0.18921254953078015,-1.7404367860000725,1.4299938419207208
-0.869536585416961,1.0,-0.9421579117789273,-0.7620990720466295,-0.900604522214987
-0.09715625673893508,1.0,0.13518515607222276,0.12750485860506267,-0.831198306352858
-1.1498620677781,1.0,0.9802528089252308,0.30141216813443344,0.7888772086363883
0.9002252470004906,1.0,0.07493740980595849,-0.2147015728091915,1.3343657127558495
-0.07516193174715796,1.0,-0.7235702961960564,0.06879797422138942,-0.7848783758074297
0.14629549357473165,1.0,0.8296073041504645,-1.6029748652904463,0.2642944309356592
-1.390230618930315,1.0,-0.7465082673480675,-0.2018505843918185,-0.8516027497024152
1.3626845976401991,1.0,-0.7811877917798773,0.625628219650535,1.5841783625569656
0.29881629340547716,1.0,-1.3096744497921178,0.04632176236134033,0.030723286424859886
-0.12735919852419658,1.0,0.43985732442991354,1.2589068831238874,0.14152971701638825
1.9890043997208353,1.0,0.637974890943992,3.1565226974068192,0.32963339870831004
-0.5882250990326553,1.0,-0.6835384471382175,-0.40024266920222745,-1.2202291041808941
0.6527057710653271,1.0,-0.1727553993970593,-0.5359652189228405,-0.4520123825916261
1.0368713110901473,1.0,-2.0902126060168094,0.5688689834982895,-0.8423945555773452
-0.10528938141081388,1.0,-0.8809010759291116,0.40003674665581906,-0.35494328704298533
-2.659737757893747,1.0,1.2789094309588822,-0.028378059947667095,0.25862320019403323
-0.8409082307711638,1.0,-1.7724159063914795,-0.9318816194802373,-0.07089858193608523
0.9589121325591573,1.0,1.6869962747992289,0.6957879627968381,0.3418688442210542
-0.03338792261885592,1.0,0.23578542630272487,0.619424345468573,-0.5561351117268534
1.3952475857856075,1.0,-0.06116428383425966,-0.44527819087024073,0.43129495316733724
1.6804222425442052,1.0,0.7565600905808593,0.7550569296409781,-0.7210365349189679
-0.251669421291932,1.0,-0.23042986051938247,0.9107546467209542,0.48881022622342246
2.3291569595477686,1.0,0.36827732890419107,-0.3383688651389144,1.5822115443090232
0.9206929048179073,1.0,-2.214207524045874,1.0869243622597156,1.092937890514918
-0.8674249454327844,1.0,0.2678984225927022,-1.726114825268474,-1.1253043125948081
-1.482789804380494,1.0,0.8910042983936668,-0.8656078865153735,-0.04876863848358565
-1.4167477654870537,1.0,0.9311289979879139,0.3769475111175859,-0.39984684434920187
-1.0987495063121224,1.0,1.2864149052343465,-0.813414046119761,0.4531043005369203
-0.9015683516863577,1.0,0.39489993924839767,1.3168192836249508,1.9549688041228275
-0.16503383295277668,1.0,0.2240025531745642,-2.26631609424163,-0.0876095242030471
0.7418764028658584,1.0,1.0293769003739441,0.40307249230388587,2.086444376600524
0.8134925597558548,1.0,-0.07578746355650864,-0.48417608168827353,0.046862035262082415
0.49939244594771537,1.0,-0.4068068559603569,-1.0502884386767208,-1.528900158645042
-2.5269915949685493,1.0,0.25290756141922316,1.299382332468297,-1.1187099883675902
0.006073965585374458,1.0,0.5891497032012399,1.2821218874043934,0.9192958083272826
0.20294091942073014,1.0,0.10103461814251595,1.1270236272067233,0.1783727874451585
0.036917210158445124,1.0,0.47885550708217733,-1.4738997364661885,-1.0403751778569361
1.6418366825908306,1.0,0.8336502870414633,-0.29094000630559497,-0.830956754026114
1.5837931318020348,1.0,-0.37265078624629006,-0.5903177951825709,0.9898376170228056
0.7681348588420338,1.0,-0.933381827779585,-0.21623259213539567,-0.08427783264507618
-0.6177969877712732,1.0,-1.3800972840625978,1.6839342361951852,1.2775902197714248
0.9580392656957895,1.0,-0.12826208807932973,-0.19145169733958062,-1.1660861065531716
1.5138877320835464,1.0,0.8556541205244987,-0.2844188577742706,0.05503169851520105
-0.5934361683799905,1.0,0.3154095201966443,-0.25161358306577347,1.658583983305161
-0.893317351400226,1.0,0.8119229745207697,-0.18594446113721694,0.2742643014294272
-1.3113879949367195,1.0,0.6544090387706981,-1.5938540474104428,-0.02191294164960663
-0.8627316074221594,1.0,-0.6754097365736844,0.13262422451999714,-2.6128577741225985
-1.0982308324115022,1.0,1.3876787875582561,-0.6602607293125822,-0.21102244238910528
-0.6495960734208125,1.0,-0.736584108898396,0.9102384755669065,1.447577394535454
-1.5947242947898659,1.0,0.29586137919267025,-0.6177160924425503,0.28589239091784424
-0.21878051312766533,1.0,0.08363633332497063,0.7286646741602508,-0.6245004133141753
-0.23500201510231633,1.0,-0.6296441349055484,2.2749147535711627,0.15497555094627727
-0.7348175870032876,1.0,0.7083839988359631,-0.7682253422280706,0.11077913501668782
1.5608041128518613,1.0,0.7078278621576488,0.3073601191876995,0.8311123653427192
0.8075917134791238,1.0,-0.16107197525642922,-1.4731628435077289,-0.6518356802460405
-0.34950958083331307,1.0,-1.7360579561906062,-0.5728329518400698,1.6089665920531084
-0.5844522804321284,1.0,1.0706045934474684,-0.9994045141774647,0.5690197959294161
-1.3980247090447804,1.0,-0.17777501127126577,-0.5538161705098078,-0.5329737701905886
2.0529232400884294,1.0,1.644989332195723,-0.5704632657487256,0.016706954401028044
2.3072699946962696,1.0,2.6029567080466087,1.142527114707055,0.29313743758719746
-1.4204857739938703,1.0,-0.932781438970212,0.7318350804145259,3.341947920838676
-0.6121796792315966,1.0,-0.6239762115473191,0.37532345043516707,-2.2097896989564503
1.2306474554094928,1.0,0.07783323747072507,-2.0229270601075404,-1.2947119606066217
1.1198218253679992,1.0,0.9468223655596698,-0.28059035005877536,0.6704155015218235
2.7336157490871758,1.0,-0.43272237719973994,-0.954510297614811,0.9384134823290362
-0.4556337346239926,1.0,0.49346748216728176,-0.1655388902020751,0.42978002363194623
-0.37792899799677504,1.0,1.13896802497127,-1.1408536539704732,-2.5510033976239543
-0.036862428434122574,1.0,0.04381878531539701,-0.27989503172107194,-2.906546661730429
-1.190317345333601,1.0,-0.15573304604416952,-0.6272951616143997,-1.8102751833141117
-0.19412284325994283,1.0,0.1887869881120204,-0.26076756880088386,0.5870730833028556
0.7374330214871944,1.0,-0.229402935359613,-0.45902704207223194,0.5688955836720445
0.604015978768116,1.0,0.5147529530330527,-0.3090853866945214,-0.6238611659763359
0.28440150081519555,1.0,0.8374873060713646,1.0754877075213551,-0.6348814238400972
-0.9756164824249078,1.0,-0.46298118845428343,1.0837822453575712,-1.0336036035592073
-0.9933679900914677,1.0,-0.7651822109351876,-0.40035138254647296,-0.6924445651288197
-1.8059665211314355,1.0,-2.380436237341992,-1.2722971379299521,0.5588830009044844
0.5465332161073454,1.0,0.9362719982647721,-0.861541550911522,-0.8104976311804001
1.3803334291835103,1.0,0.002322912111258244,2.396722119111736,-0.26458118214251103
-0.964853731652453,1.0,-0.1357936479405796,-0.37431737948567834,-0.48047748023031306
0.6004090473239222,1.0,-0.12339277632404272,-0.46365894339113867,0.24846070017557167
-1.9053197992656008,1.0,0.4523398728460117,-0.8792706071260618,0.02359007274971133
1.987696655520469,1.0,-0.9340531628491534,-0.42239919164752376,0.07855868399417908
-1.3611983077654364,1.0,-0.40499982708155086,0.9950860591754151,0.6518257662934608
-1.1635778480007182,1.0,-0.7342623601570348,-0.04573455181543614,-0.17599586307006515
1.0186424354725439,1.0,0.3534246286480634,-1.1180508993430576,0.10276677523774398
0.46203600477054474,1.0,1.3309511527669937,-0.17192865788812867,0.868583543326514
0.3866996603081399,1.0,0.2617145593203105,0.9893472843327286,0.8090085254015843
-0.6611829704675732,1.0,1.064600319068017,-0.14801537891195102,0.9582592716729248
-0.03537229310331701,1.0,-0.21859353918826707,1.098393480366552,-0.07637441981595443
0.7111803832005337,1.0,-0.9193815859648539,0.36056785550660647,0.29214870488380174
0.24047654641160535,1.0,0.7954302736205642,-0.33370088983016827,-0.9645264608542802
0.27530533556182546,1.0,0.7120451276162587,-0.19888693703201443,1.1315909259195582
-1.8795206652378806,1.0,0.539072948256109,0.2591153726731173,1.0069138315253163
0.37215730280718606,1.0,0.9602063078060143,1.5362077656558248,0.9590323354332969
0.38726528319367404,1.0,0.7099237201719851,2.4636793594593227,0.5754045184832207
0.1619327068503701,1.0,-0.14616717513056013,1.9764296035855051,1.1118966837279973
-1.1175299165303139,1.0,0.9042659398450321,1.322828757991305,-0.19246899630495506
-0.7348887751839294,1.0,-0.295355957003296,-1.0922332659303373,-0.25277347666755584
-0.8003439419329686,1.0,0.7110202713732741,-1.6210759090184914,1.6717667102528617
0.42840492514298595,1.0,1.2212978538624515,-1.1970181478286246,-0.44140972699945896
0.5249584608652964,1.0,0.3976586879951397,-1.3009446354722527,-1.7164920492497528
-0.4999517339918311,1.0,0.6944447797090272,0.17522527630045984,1.8707713232858987
-0.6930823133853483,1.0,0.14270541582351623,1.4699458091000253,0.6109152982643532
-0.35965945576672875,1.0,-1.1456373867134404,-0.7519083958541289,-0.5969229215947482
0.9815239887650491,1.0,-0.555838495536586,0.03492032338953966,0.6218556347298383
-1.2846688116183504,1.0,1.4461413014778157,-0.09842507737830387,-0.34718179518222386
0.4871631537562826,1.0,-2.992629745855792,0.1256098182998719,1.5391371429801879
1.164007568920403,1.0,0.9353806593088237,0.9530160736782938,0.5679982448625138
-1.1045735443672478,1.0,-1.5467369816241405,0.055515649258112074,1.3662364058319225
0.7622009614858166,1.0,0.09475982925253029,1.244075272904293,-0.10338967949363365
0.0718661218657726,1.0,0.07353176308329055,-0.8953035948578625,-0.15055183599134359
-0.954171874847684,1.0,-0.5242634487254473,2.345210845104618,0.07570820900423908
-1.2114081012243587,1.0,0.6892026761536983,0.2405254780689754,0.7943156970453076
0.794766969425449,1.0,-1.0693569932419336,0.19897951617456278,1.1765057838672266
-0.527193282279557,1.0,-1.1465444507868985,-0.7856656426704108,0.7312356157195732
0.4297551944874626,1.0,-0.22407190275517788,-0.7639574240841337,0.1567156526644703
-0.7281825358711457,1.0,0.6716320706928555,-0.8042476250437011,0.01565083726592639
-0.4939248044732365,1.0,0.5045257176001189,1.2723527321797443,0.7974281859322524
-0.33956292205686933,1.0,1.7374488574501654,-0.078601685760423,0.43092038691239537
1.452565731423558,1.0,-0.47518291947755087,-0.8989375259267016,0.5940177460037284
-0.32424339902837307,1.0,0.4402260555416127,-0.6326103540480175,0.3936499627340151
1.113997217158641,1.0,0.12604991830243076,0.8790356473607894,-0.13956706508801311
0.8643714121447831,1.0,-0.8165926773628392,0.6209682110086142,-0.015038817925831983
-0.3605698984088924,1.0,0.8231459428698287,-0.4273660349511983,-0.3896895864324047
0.6908785492643881,1.0,-0.4737755230837997,0.3591443657087271,0.7520164985852367
0.8530955730463563,1.0,-0.4272155409389741,0.3760805709266816,0.09182927907501649
0.5710075882488953,1.0,-0.18135356620658336,-0.5062617551329736,-1.2580425615874031
-0.37611203838508706,1.0,-0.42408712345727867,-0.4985799471108567,-1.2879359849568222
0.7583096915751499,1.0,0.8711957428284095,1.08365462999882,-0.08783743635145262
-0.27864805461730363,1.0,0.969883060949012,-1.1349642530903896,0.37845638033817874
-1.736842503316199,1.0,0.5997111364106499,0.5839526032304101,0.03228996135699505
-0.353225808126964,1.0,0.1765258763851336,-1.5235096261843213,0.1572139883970716
-0.4372024010378259,1.0,-0.4799586584639531,-0.4449324647126699,-0.11531574454720651
-0.6914048032357762,1.0,0.3184353087089983,0.7506208890323259,-1.1948581977588015
-0.13638336765839532,1.0,-1.6664586356586866,0.3400362816737894,0.29947008565646316
-1.607270236625482,1.0,-1.8405719845752069,-0.4834923292885334,0.8334225877575735
0.6731411226057191,1.0,-1.3917397721757216,-0.7390483571303721,0.387811191826151
0.011069987594966349,1.0,-1.7514172091243745,0.288883349692179,1.213671959544441
-0.2932623651087531,1.0,0.9248602981631462,0.47209512943047394,-0.41389825698830246
0.010044687245729184,1.0,0.32308120951047353,-1.4107422935166782,-0.8442521011185382
-1.2009346953066036,1.0,2.042518896901082,-1.3416067680573438,-0.9410408356461258
1.9338240179148058,1.0,-0.6973808753852014,-0.01079637030450889,0.42553514344518345
-0.46432212895360925,1.0,-0.433303610701626,0.37253122130957117,0.10812113074762895
0.6734997553926421,1.0,0.021701374820065622,0.772560983687969,0.61940076549715
-1.067586653167338,1.0,-0.06705385889719212,0.5557546373122602,0.35142601781533694
0.5885076742627187,1.0,1.2912093289832667,0.8810543350111562,-1.954359590577889
0.606817942578141,1.0,-0.07046615677257403,-0.08814728388322197,-0.092484769550783
0.7395796390711723,1.0,-0.07341759086176541,-1.2348403712417102,-0.21311719214477037
-0.8662223794008562,1.0,0.14021261292362397,-2.214956019066643,-0.38369287366493265
-0.8173169161546313,1.0,-0.3979903871342385,-0.3170108299476395,-0.7431169530876996
0.1629406997411888,1.0,0.0031158422323616978,0.22617421751687192,-0.2519815632965251
-0.09108765602967231,1.0,0.5213867979428316,-1.3012465381524727,-0.3878351972063501
1.4311464796670863,1.0,-0.05847757188526474,1.5760255292951006,1.2386741005559683
2.562883912847241,1.0,1.143800290427875,1.928687536018399,-0.9665323444662541
1.626870462601087,1.0,1.0153402779657708,0.7800433829362255,0.32663023838312133
0.33977086724245553,1.0,0.4949426085732742,-1.2460122239440468,0.48759704503507684
1.040463877732146,1.0,-0.9586215352965191,0.3195776915876268,-0.5134110433290358
0.1287645954499269,1.0,0.7910244273444523,-0.8714027445563579,0.4668699632199732
0.5341540185851501,1.0,-1.1162148526255637,-0.4867936433358656,0.9238531587378566
0.8229907417629502,1.0,-0.1773841292637851,-0.9758446279970696,0.37116035375752776
-1.0144076834038196,1.0,1.5924248616032812,0.8255173749330189,0.5696907154988095
0.18439405532373115,1.0,-1.1357146076901616,-1.3210516136599222,-0.4958522714420028
-0.37358795065219486,1.0,-0.2458652036469848,-1.120334676909568,0.3636388733608036
0.4150869447755024,1.0,-0.8538583873588783,-0.867839349867257,0.5214472545428815
-1.062361159911489,1.0,1.3768569342797152,1.198181237457866,-0.8568302819034033
0.5715212967716339,1.0,-0.14839553244103948,-3.559649854102432,0.0024190282329840307
0.001557352245244073,1.0,-1.57138675319647,-0.882675954817468,0.11485739720653
0.15915832414619438,1.0,-0.517269512610939,-1.015981658164957,0.38149413568876156
-1.0161927556429469,1.0,0.04912187111704819,-0.09172570879890718,1.5614596803606346
1.045320117415804,1.0,0.7917031940560764,1.2607519218956822,0.7426691137186711
-0.5272756086866888,1.0,1.4644024709188628,0.7531865799134014,1.6202158691041109
-0.7976677988628823,1.0,-0.3881684456108781,-0.45097737821079437,-0.08743866006719558
0.7653660243662974,1.0,-1.9007294401346775,0.12025939378711842,-0.16119492023583748
-0.7656382479465575,1.0,-0.03392454569873953,0.43555694444538695,0.6080531383936002
-1.1127077887657932,1.0,1.1624815530526527,-0.03749336543991001,0.06510949967055223
1.9009813841751424,1.0,-0.516167772533593,-1.1786704205552498,0.049016960497407794
-1.469853804349298,1.0,-0.7968189304037359,0.009122844834443016,0.027135556350729787
-0.6848854991125882,1.0,0.1005180572937624,0.7940428714891301,1.0384479146056305
-0.5505266465542047,1.0,0.6646406156844822,-0.1861196497530841,1.4221056731760922
-0.4622240596175085,1.0,-2.3700692485325296,0.5924512502112362,-0.8208685188291495
-0.17440801446703494,1.0,-0.1279470071199395,-1.2684854947418513,-0.11025093535256857
0.2628908443550904,1.0,-0.11017850349066086,-1.0856649589380134,-1.2791921982038146
0.5314253781133368,1.0,0.4996588522599505,-0.831679906557491,0.15749815899125666
1.2718928842621735,1.0,0.5284936078127508,-0.14296070572271294,-0.08949643709536141
-0.17303043112220226,1.0,0.22888837784513746,-0.3107230214584142,-0.35225865268122813
0.9407710571448769,1.0,0.6117447704863046,1.3186391054987838,-0.28423345568559705
0.8253575796560579,1.0,0.4211618831457589,0.4644335322193841,0.9260676436707843
-1.7319332148176338,1.0,0.13157144127401516,-0.9712550479479657,-1.1079009791645331
0.1815296369310588,1.0,-0.35565691474165007,0.1169723773372933,0.3931117102000243
1.1688810473825826,1.0,-2.153338618980573,-0.3792325664914924,1.0807961716024619
-1.940713168073268,1.0,-0.6959618694617365,-0.04734873608961039,-0.9125803192631149
0.24529848008941726,1.0,0.09381175442751,-0.022089976829595678,1.2865879433744458
1.902763475933828,1.0,-0.6455823473525258,-1.0641316072107057,-0.8589983039036643
-1.006036087561696,1.0,-1.2284088334703618,0.5623212464236781,-1.0925110259764845
-0.71131111428553,1.0,1.4134145274762275,-0.3419207138950757,1.1416303137090464
-1.0666964279513982,1.0,0.08624720155576963,-0.053713591682138545,-1.0744879895328396
0.22560664620707685,1.0,-0.23294354261152544,0.18626893116122636,-0.19385787210583633
0.3584807260587428,1.0,0.7208701675104768,2.5069518044656984,-0.9874225219956456
-0.06777348583547152,1.0,1.2689864169464857,0.0009062434053720831,1.032176230808361
-0.25844520823504846,1.0,-0.43208274946906167,1.5243925192042243,0.46705722183920073
-0.8891670974382712,1.0,-1.10995157279115,0.03876283075002273,1.1253607279292477
-1.184929637133499,1.0,-0.028980988163172128,0.32084909877286094,-0.49713213949217117
0.010056174491168801,1.0,-1.0138097310957774,-1.8747418339407564,-1.0684724660123406
0.8037202392078836,1.0,-1.4262026245177397,-2.087578676864581,0.7551605888022959
1.058467183371726,1.0,-0.12091389442630805,-0.7361812480261473,-0.6552173627004176
1.1867285646500318,1.0,-0.3723483551989341,-0.7425973842855564,-0.2803125076364692
1.472434247574672,1.0,0.7040221146619867,-0.6726985860486561,1.1445169052371935
-0.371167495638711,1.0,-0.18660378454800405,-0.46841407723349626,0.19759583421714935
-0.9633151573060315,1.0,-2.0802868535992665,-1.3729128873299432,1.1647179988648173
0.09048694442302938,1.0,1.7276597754206993,0.468565665450664,1.0532492788878578
-0.6246989518065779,1.0,-0.7193109558323777,2.071950686385141,-0.41753808172607726
-1.5429083377418786,1.0,1.4278814603924774,-1.9388181312894752,-1.1982885838974968
-0.8934515957723077,1.0,-1.0677408759980094,-1.5427012525253407,1.2945161758655035
0.4842804266033892,1.0,-0.7111761519981388,-1.8516632701471718,-0.6420521383483971
0.8497328152728371,1.0,0.9673810433679753,-0.4029872488786506,0.5379806181823523
-1.1375289497723406,1.0,-0.8139227460821389,1.569882766240027,-0.5290592431687468
-0.6946552599182008,1.0,-1.8800664996091052,-0.5735875196621764,1.720553010458657
1.6301272739465968,1.0,0.0850045803803654,2.1217909734965588,1.0981929633828795
0.11152131019852679,1.0,1.1606653654783508,-0.9597783910274319,0.4996262095526572
-1.1709843206570263,1.0,0.1418213826692568,0.841711152002579,-0.5024740343987145
0.7552218288753589,1.0,-0.9935174611184238,-1.8220922726712587,-0.7640838462543756
-0.3547042423363457,1.0,0.6572328753667076,-0.28900019802989985,1.4843496848412707
-0.8514388354212319,1.0,-0.24646110449365372,0.6489879382449498,-0.153596403947007
0.5090804205693751,1.0,1.1382538345388664,0.22320579471572632,-2.006491960692043
0.13525984418362874,1.0,-0.21045762617625519,0.3287208476824449,-0.5709140178996037
-0.2606218939288837,1.0,1.224303857250109,-0.5413437074358062,1.0977520263846503
-0.4294087119140759,1.0,-0.32422656126492283,0.5707375625466027,0.6077940818009392
0.12529428493909764,1.0,0.6207092951173157,1.058674685466707,0.4367626077362608
1.1802580648720182,1.0,-0.8427829067546515,0.9564750624898445,0.47935873994667555
0.6386438692027588,1.0,0.3655067352639202,0.5267246054644322,0.8086804181989878
-0.4852621835048381,1.0,-2.0730708104427813,1.1997639287412665,-0.8373713776042219
0.5242483285550504,1.0,2.075408863146009,-2.3230092727623655,-1.3519121879901834
0.5561458432622236,1.0,-0.8572094985572051,0.28852159948183675,1.168610789878868
0.7865488073309785,1.0,1.1760467652452626,0.9855576988188886,1.8084821351523706
0.04744910995641689,1.0,0.2167574616364588,1.510743310695817,-0.5873991020849956
-1.7469949466560282,1.0,-1.3365801406106417,-0.8144723152786996,-1.0364813490779976
-0.778127439677508,1.0,0.5539364636319078,1.687513319716982,1.0190843362924227
-0.6757362918772782,1.0,-0.9659857506224385,-1.6415407095073955,-1.7763695258855934
1.913126823433168,1.0,0.7628124715259871,0.2378618622962618,0.29227187957391537
0.6804849137914788,1.0,-1.017215392352513,-0.6404590123307542,1.4948635114223998
-1.062116771082765,1.0,0.5305532862581535,-0.1782310661342631,-0.04282574224845712
0.6520844955709691,1.0,1.0494872803023891,-0.7610329861041055,-1.7301720875037243
-0.8363225143925879,1.0,-0.44538692274084857,-2.6478555048840255,0.9275711836659439
-0.021166276459925287,1.0,-1.270878598268861,0.6181688924082368,0.02192256852875766
0.7435679209179132,1.0,0.2688559657685462,-1.1270877694126344,-0.7056052067566791
-0.23561240838895894,1.0,-0.29351305445019776,-0.028066734633634485,-0.36343429182868325
-0.7187108028665843,1.0,-0.4937339951424952,-1.128620318432275,1.4044557456412317
0.3199833522592146,1.0,0.09378581735212564,-0.10226595650844728,-0.8845862821778765
-0.1510878987476428,1.0,-0.17324118158262714,-1.181904935242555,-2.128471312780149
0.6481633935196636,1.0,1.5326464725214324,1.098786446750496,0.22010009576502174
0.5989232067653224,1.0,-1.1804255243206343,1.0497825278363806,-0.2674418552816552
2.143412764346521,1.0,0.21976690948048452,-0.5707815122947908,-0.4053810850986928
-0.06618154594150112,1.0,1.1988459770823507,-1.796159086070077,-1.4150120662935863
-0.4827536273506122,1.0,1.2226405000984626,0.8000829187858357,1.1585529159206327
0.09831972535763284,1.0,0.2039720312873244,0.467947940080279,-1.1100947130036858
-1.4818244660871105,1.0,-0.610353613916697,-0.8555477004945993,0.2867378854385509
-0.29532410593043673,1.0,1.0349781080481595,0.16752862478342054,-2.2576033509546147
0.3833413967319664,1.0,-0.2683558771195283,-0.12145123254358153,-0.017843138228893534
0.26961965798632936,1.0,-0.478776929957594,-1.0111765972559117,-0.7162768444381511
0.28128202936884333,1.0,0.6821772158631827,-0.5717850897460642,-0.015710977005288757
0.1313210619379533,1.0,-0.6898703157688086,-1.2612513070701612,-0.9341371994801871
-1.7011326667796045,1.0,-1.1778261767265037,0.2699587564031094,-2.0625195057646533
-1.1151576389585778,1.0,0.2793499517927874,-0.36641088095886803,-0.8594983630863371
-2.0999069576902567,1.0,0.6182208155406016,0.03048656087261091,0.5338645801871909
0.31212850349032906,1.0,0.24355485515947256,-0.851476608451791,-0.5038026560785716
1.9134288149883245,1.0,0.8182126190867877,1.6524287719111457,-0.4648561086889857
0.2049157237360348,1.0,-1.2444714197673916,-1.9183779348457213,0.47912645981157526
-2.482590141081761,1.0,0.6047810573217833,-1.8895974535573157,-0.772850521765946
-1.2547925297155438,1.0,-0.31918629521670777,-0.6323889856659597,-1.8518935538959629
0.7094867907514114,1.0,0.8446600982780217,0.998799934710719,-1.6321882292229666
0.621329953484968,1.0,-0.22859227373303842,-0.7375608091541025,0.2983159592995895
0.6965202679831584,1.0,0.715914849420464,0.8144612157624406,1.1012962327950646
-0.10292949038953655,1.0,0.37540815810713957,-1.616659303566252,-0.7037562792940004
-0.2089013791027537,1.0,1.0128618433898195,1.2598189274863265,0.46457037764277975
-0.11668718123843402,1.0,0.381867509053839,-0.03764018827434362,0.31284026829410855
-0.11590353354948621,1.0,-0.054674488210881264,0.08002168398580498,-0.6667334511559933
-0.9655956350744193,1.0,0.29764849662297627,-2.2481006547095226,0.2834836028850279
1.1920805425558743,1.0,0.296681156468015,0.08687291302110411,0.7325097891662916
2.4916699111550407,1.0,-0.019401866051653636,0.2996887839692601,-0.2268719518001694
0.5323633860044628,1.0,-1.7284990848001829,-1.0535284958194446,-0.7867734351055389
-0.27780442492270724,1.0,0.13289692424518462,0.767254210306164,0.953743756023669
-1.487055927781427,1.0,-0.14257545383229792,-1.1387494299004077,-1.840902527442008
0.7432223874801375,1.0,0.637842271325543,-0.05674596020132972,-0.45140471060427145
-0.2743773078670319,1.0,-0.41787326102891786,0.9766058616027689,-0.9281668569291114
-0.12337303293316945,1.0,-1.8872670509339835,0.031639016940580064,0.5061706203354547
-0.5042811226995899,1.0,1.4889107389337777,0.45244830398239494,-0.3602848192826641
-0.44354713794096096,1.0,-0.2209451028662608,-1.0627567999261032,-0.1573251029085629
0.6920724521092751,1.0,1.0895844996588557,-1.12045431092608,0.05243436890784855
0.6469329153504315,1.0,1.169354659023793,-0.7836418618545792,-1.7689400466287115
1.2115126957892266,1.0,0.019457028939020123,1.4600987914861419,-0.05518915830549939
-0.3725320678324766,1.0,-0.884288016212573,-0.7754621076804049,0.1346831067474436
1.1800944012007712,1.0,-1.50361002303285,-0.22909578658465243,-0.7595598993672177
0.52850854329549,1.0,2.1327265996344393,-0.3497262719263329,-0.5391567830916406
0.5378540851985243,1.0,0.9420678679837725,-0.04353713408391645,0.9471836434657139
-0.30310288190872287,1.0,-0.5118678600867027,-0.9345403232654707,-0.7851154292863901
-0.12200650490408455,1.0,0.4466656282630823,-0.4957586062453636,1.5266380262192776
0.07745167176191935,1.0,0.8934682829306626,0.5601424701343782,1.081962059457852
1.4982169000622931,1.0,0.4945400164024105,-0.4255187758683878,-1.1356453371103532
0.45919486873441573,1.0,-0.19515452600846325,-0.5014999489911246,0.16760678821530903
0.43329925811030157,1.0,0.38321034486113986,-0.04063533767366377,-0.2552786164960425
-0.25742728354731936,1.0,-2.1954544643464855,-0.9951903729584413,0.331039031415684
0.006220937138718824,1.0,0.4361363374700716,0.3535984182327641,1.6182110811876915
1.8323577142817533,1.0,2.3499653453316776,-0.3843212060823412,1.4653182735883679
1.8466187337642213,1.0,0.8715989486942669,0.009385972607805528,2.2016212024766384
0.2170201075778615,1.0,-0.15660192040929763,-1.3403391549788959,-0.9806167808021375
1.114318474733523,1.0,1.0475238737902393,-2.1269026157256525,-1.2247980551373379
0.8103339982163719,1.0,0.7996510332088508,0.72684586420763,2.9461511191608953
0.6485707451852719,1.0,-0.2696186737312664,-2.0836437323634205,-0.9672652840742526
2.3556618709083432,1.0,-0.5057853072089087,0.11290826878380894,-0.2969967929347811
0.12558180994970072,1.0,0.7530247588582002,-0.25979885758356525,0.4041999293314871
-0.3470990970742075,1.0,0.5370697409834122,0.1942610694832271,0.9051057840881891
1.1429506092592019,1.0,0.5474506152149329,1.5569640642581226,-1.6079485975980952
0.010463249305301136,1.0,0.16070327553703906,-0.8234576973148393,0.3979742929116429
-0.05672840033551412,1.0,-1.0869812288240877,-0.38129062122854696,0.7842074058953658
-0.7150798662985416,1.0,-1.9194982820294428,1.110928307871879,0.48634123819817404
1.1909264057398925,1.0,0.4797285003118604,0.3456218550020069,0.35813602090416896
0.4611527300389281,1.0,0.5664550307724513,-0.032119539652384115,0.6924568517336839
0.18602108166195672,1.0,-1.067702322655347,0.4358249735842078,-0.16616241784083186
0.6373282475685955,1.0,1.5214941982666994,-1.5126825023581831,-1.3208046640165267
0.3738441604148214,1.0,2.4841077338612,-0.5722409106995678,-2.2609734163218667
0.08094160796602501,1.0,0.5505429420670949,-0.7504697923269775,-1.1387413419888441
0.18163070727288025,1.0,-0.01063245786472063,0.5928365432835474,-1.2941893299829579
-0.5442079056558715,1.0,0.13607474474504747,0.03040421871228371,0.08236266861404559
0.17749545616756568,1.0,0.9945968371835476,-0.5585877737559569,-1.4166233027139479
1.077150705722647,1.0,-2.1048341301626263,0.49073101220947624,0.079086871451312
1.5749606515451988,1.0,1.0277846433656788,0.6105985399635537,0.67877564416115
-0.09924611332809576,1.0,-0.3436860796682999,0.06378346206150887,-0.03991235121338519
-1.185412693385961,1.0,0.10047333396431915,1.4292491155461577,1.7029030209116918
-0.8099302710954,1.0,-0.8648777235836583,-0.046467521850547595,-0.8840159275343155
0.6641926483714451,1.0,1.0929962759292644,-1.2639032249976259,0.6002040292149584
-0.16792405069502594,1.0,-0.8385927728201629,0.21661798415858205,1.3811422605418018
1.2173284488910925,1.0,0.7714873142813345,0.42432558083914423,1.1050964790073678
1.8196071276653358,1.0,-1.5103191506486051,0.024560828402836844,0.2651816709273561
2.14657272598981,1.0,0.5718205192756516,1.0846546194479785,0.6513956829336524
-1.81563639282169,1.0,0.26485231621209887,-0.25065357974883007,-2.0958816439107117
-1.5393987895318202,1.0,0.5593028143857176,-0.7448098120580102,0.10692313902551841
0.9520266942312458,1.0,0.14183313277246176,-1.7719327553637227,0.21131910254604594
0.12494158523933804,1.0,-1.5368702498849922,0.4059451124627948,0.896963213304455
0.7507994437350096,1.0,0.2882170998306108,0.5038683357700824,0.22801264081647363
-0.36086412413015273,1.0,-0.7659619706606817,1.7621863215274536,-1.2946578876046173
0.6830509289870133,1.0,2.0276219248372036,-0.17180866088051558,0.5224703135155517
0.03656992527798342,1.0,-0.9592027667185957,-0.8661438422023819,0.0074514480497536555
0.5523104157650836,1.0,1.5316708622680124,0.06665732015732152,1.3277625944082276
0.2678958175105851,1.0,0.8649684503825291,3.535522319160483,1.788251804551458
-0.016274265443530417,1.0,0.3034903636306481,0.5506989573260026,0.09349230001067307
-0.8873612378234442,1.0,0.06023066134793844,0.6375148654136773,-0.001640460383476128
-0.35294213925508994,1.0,-0.5288353374159047,-0.49684158572943504,-0.06084489599644165
-1.7853604055620338,1.0,0.45260968845664645,-0.24274964706309116,-0.4497705702970661
0.37885705420563665,1.0,0.39323141813135387,2.2728366572243193,0.11297462274370816
0.36897871244415476,1.0,-1.1642133031775803,-0.20156009572503547,-0.8888317699189252
0.43783000640907904,1.0,0.7355856638044235,0.02257116632828384,-0.9674048994104294
1.1661336715739636,1.0,2.2285365131973927,0.30467368225869373,-0.3994622919120697
0.3565714581041639,1.0,-0.4322410847957864,1.1766932278440778,1.5771925021563231
0.5433418849323397,1.0,-0.0933246400500986,-0.7285057284129884,-1.2559097158702748
-1.2351130480921286,1.0,-0.5982001247959183,-0.17974089321226847,0.13678263822468623
0.17926581695652605,1.0,1.9550048648157659,0.4953056769722099,-1.4999075056513926
-1.1674325093549447,1.0,-1.2743239096580636,-0.26410838043203166,-0.06419578362229508
-0.18134598310258618,1.0,-1.6002352065308039,0.8248312404639655,0.9437106050865537
-2.0404448378996087,1.0,0.4973115476834876,-2.3249450551315127,-0.7631854771901269
0.5564656711079354,1.0,1.216702557928464,-0.3343272016035202,0.8308921611184615
0.5948052949287264,1.0,-0.8464620349926268,-1.9462360328316612,1.0511259704256335
-0.8629023799986717,1.0,0.7892787975522246,-1.5965088155719374,-1.5846211793460903
0.8982100619357636,1.0,0.16464935567951264,-0.26449216326483843,-0.2074619718580509
0.35045904876464523,1.0,-0.5052049497735887,-0.6692664633111977,-0.593926932119685
-0.26458366489868024,1.0,0.21015322277863194,-1.3827248639123697,0.5051652406612367
0.47640161358130906,1.0,0.32875697961224726,-0.006793690644871054,1.5077110646339604
0.6816238182548635,1.0,-0.5683373008591043,-0.7902318602190236,-0.9302630992341245
1.8569985041460861,1.0,0.5133870429703914,-1.3002066992551709,-0.19818570094771146
-1.339491027225574,1.0,1.1000997867701254,0.3988509082219774,1.7874322500763924
-1.155426371948797,1.0,-0.5977345217395937,-1.9705267396155406,-0.4915845282736815
-1.1030585129592563,1.0,-0.6657467145646099,-1.279596860831612,0.528619122950589
-1.403544773181762,1.0,1.279865242515226,0.129106872756561,-0.6296643532334116
-1.0731530736091428,1.0,-0.25453802297848666,-0.5591048205264751,-0.768484996091045
0.7678096782942836,1.0,-0.8897000848453487,-0.9881792926014195,-1.796541332551944
0.6898901662109047,1.0,0.1643171066760931,2.1236626151380746,1.1261717496632087
-0.9029380443969041,1.0,-2.5044101136202,-1.4418606061957249,0.12790081157047575
0.5579502827406678,1.0,-0.7036634201413272,-0.37015368401534104,0.2446811705417384
-0.4432617571119642,1.0,0.5600303734204145,0.3463449486937082,-1.009103798434963
0.8080225451559284,1.0,1.0375638701053687,0.8868474020175929,-2.6340301065556644
-1.052115389321476,1.0,-0.004008342692740696,-0.5410754148909863,-1.0467998487118741
-1.381015657703044,1.0,1.1845162222574972,-2.0013921594548427,0.6880828714619964
-0.7830468931615044,1.0,0.2661853181641307,0.7826842835864519,-0.4506721408060622
-2.0076627723936427,1.0,1.024903227226681,0.48879389202112045,-0.2945160140537277
1.111660619299436,1.0,-0.1540897156252644,2.36159108906258,1.3502183118397961
-1.684024022254524,1.0,1.0666856465216568,-1.4497366629895176,0.19475412302145775
0.2046291347827309,1.0,0.39733241878765696,0.004172926920371535,1.259751475439615
-0.7052536065577542,1.0,-0.12565259534773152,-1.166932102574567,2.1340178387459092
0.10988251977074681,1.0,1.1118980549320165,2.7415524230508272,-1.0517379013645214
0.8915978794235606,1.0,-0.6291632374198239,1.1047173594207402,-0.6792304569300401
1.4160644130829187,1.0,0.2498894444700426,-1.417730688515825,0.8418772098524437
-0.4200993422640215,1.0,-0.6996931648607112,0.36435025407562344,0.25699608781551636
0.1342452372138342,1.0,0.09778395624676209,-1.7293298294623762,-0.8560087649972795
-0.9337962053361295,1.0,0.47352135778735566,-0.333102711317369,0.7901406590331487
-0.530083392101468,1.0,0.30863981619895886,-0.8525719044888147,0.4687957826029338
1.1972895415768179,1.0,-0.20881245661715342,0.6282387603757889,-0.7500982603535282
1.2236558945353972,1.0,0.16555535242196978,-0.4304296084480425,1.5920784560877157
-0.024150514035307713,1.0,-0.05278670076325401,1.094265291224051,0.9723654407673652
-0.3743128538234654,1.0,0.7140724929970201,-1.9011352762610743,0.2701627467665228
-0.23432928682438234,1.0,0.8038633312237933,0.363133240584826,-0.16442500667000354
1.765315977319071,1.0,0.650058873840115,0.3476698688996066,-1.7361649682051967
-0.48463283576903504,1.0,1.9016175760220102,0.760335012688345,0.03011295747723841
-0.1512415299795096,1.0,0.11812419242408272,0.36763860489544503,0.5525781500750587
-0.7978860960664624,1.0,0.44081573127573803,0.18536107139531505,2.438720596270881
-1.431705897299252,1.0,0.16714888862183866,-0.2590823011032211,0.00018357659162883934
1.2519445291717917,1.0,0.13307531184388952,0.2716799762264038,1.7500780134696927
-1.957051059976622,1.0,0.9698384812261343,-0.35448864469158853,0.08287313385816024
0.826086256032783,1.0,-1.3332914387927124,1.0041277445508963,-0.17218316357345223
0.5512878233149756,1.0,1.0886428380098236,-0.3864645431551328,-1.6690299480585356
-0.47708227205047643,1.0,0.019005957065115684,-0.4537455252564121,-0.8380818153526554
0.27642246815894456,1.0,-1.8596103894426106,-0.7574795089426536,0.022095812736673777
1.6186603027304973,1.0,-1.0653126652286071,-1.0876197178367,1.3965995740916781
2.019998145201073,1.0,0.18935423928061984,-1.132057682903867,-0.6134957812227397
-0.114814036292437,1.0,-0.40085375684457064,1.221010555025899,-1.5118111843387494
-0.27956141175989624,1.0,-1.5677708080187847,2.075487259891782,1.7612424263347202
-1.6272654088764478,1.0,-1.0940553576891485,1.3845516682674777,-1.7115598945525596
-0.830404260984134,1.0,-1.412748510143385,0.13332513833337983,-1.0590209623360005
0.2018954081808397,1.0,-0.1400986806495253,-1.3876325584002722,-0.2811612723097532
0.774773847589576,1.0,0.12489363335434722,-1.145927148911329,1.219606899127303
0.8716478041942282,1.0,-1.35925597020551,1.5072931335325286,0.609295299684127
-0.6631801712366866,1.0,-0.5491519308507682,-0.09088985390045921,-0.7196080437526987
1.5161655183688008,1.0,1.116091782409117,-1.001079649428009,-0.6411065765049603
1.712144043221213,1.0,0.21804226143708236,0.44941698261021124,0.07401209322160558
0.3377779888561222,1.0,-0.2783369533458257,1.2048785322747608,-0.03061277999314117
-0.23172263603435378,1.0,0.3476869393998581,-0.5707734945221988,-0.07221593745321307
-0.10267432525827891,1.0,1.3515152574872404,0.207307154233876,0.04552127589357588
-1.1039393338365058,1.0,-0.27684456475123514,0.5319888228872753,0.5785043518736783
-2.7440547553172965,1.0,-0.008730821945856762,-1.1883414546340327,0.020541283064532893
0.34858819443803374,1.0,0.7766520556236918,-0.4313951113721497,0.254499784367467
0.6629272708937639,1.0,0.025455841170616243,-1.4856206342365141,-0.17473648503294634
-1.333247772435364,1.0,1.0326246516552966,0.2584142098490691,-0.28063996957117415
0.8804451254459592,1.0,-0.21515269594333786,0.5142414543349723,1.948473645414598
0.48707565106886164,1.0,-0.010648399739929268,-0.4871227743185368,-0.6108065573980831
0.03185043018865599,1.0,-1.5097568331627507,0.6191799834580384,-0.5161167204749519
0.9399852994500884,1.0,-1.7597906875364264,-0.2391340535562853,0.31484576144357124
0.6727735140794316,1.0,-2.1888667855397963,-0.901932172809746,1.34839831255412
-1.645409045779867,1.0,1.0523948736742892,0.24277548324804474,2.2210449636542853
-1.1004876650020585,1.0,2.401785151753749,-0.13583824771775413,-0.07065018703011365
0.6235195787179499,1.0,-1.2565046449521682,0.4085630862624367,-0.16052328207829142
1.2101023222588345,1.0,-0.5606134752404528,-0.5224851388332251,0.40597090872723274
-1.8976485565539554,1.0,-0.7133625539983145,-0.43129075719735005,0.4667909164372691
-0.647087904005361,1.0,-0.24394569487284626,0.5698687041652296,-1.2879438680790292
1.4267929264290122,1.0,0.2591141018479033,1.1812638315136703,2.084815480070293
0.9599925957466432,1.0,-1.6434320547521029,0.45502665613400584,1.732106837725176
0.8760546538438586,1.0,-1.011431387756942,-0.28449880224612445,0.7508802555948128
0.6859041811960224,1.0,-0.373546054374821,-0.08446344106902769,1.094807785250267
-0.19274860097875712,1.0,1.3300215070376997,0.2983780452999497,0.6668394618531969
-0.3657274337247946,1.0,0.3578332047262996,-0.28637374551928424,0.46397176842043086
-0.2111964166755503,1.0,0.04762938485790384,0.17565545055545898,0.7496988054763428
-0.4731770244908814,1.0,-0.6625872778770311,-0.2219023258937559,-1.1871692097405482
0.21171134209061332,1.0,-0.7068611739110935,0.4000431828324018,-0.300686602188858
-0.3420430990830768,1.0,0.7794805780567831,0.10078101349169445,1.3343606599844002
0.540835452053187,1.0,0.9160939530632874,0.21661236949112728,-0.07232972224537189
-1.8283625656440958,1.0,0.943700271281897,1.7941783196448375,0.48857556516191225
-0.5128704918303071,1.0,1.074791546985635,0.8177999270616927,-1.1116113821909812
-1.0873120183353802,1.0,1.9100015250724165,-0.3661473593568693,-0.25169319361314885
0.03576552769125248,1.0,-0.8749373616898949,0.7017528423325745,1.5990132640562726
1.5726540004839504,1.0,-0.6393529986029464,0.07763830951578171,0.33412353645647663
-0.41728244824593475,1.0,-0.9057967053289631,1.065532361477201,1.018914735036603
1.0659867103254246,1.0,0.8387662601005733,1.488286938371002,-1.4755820384792413
-1.6629419033997244,1.0,-1.5185710188701098,-0.9116585793945334,-0.014229248115938885
-1.9988112413570933,1.0,-1.0263927756405742,0.6560450900593998,-0.6428482220668532
-0.44866401341664414,1.0,0.3215159211168784,1.3122122183157363,-0.5646389660478706
0.11971290001120861,1.0,0.3185324325397329,-0.5452547144645445,0.5499365422182195
-1.4147524132801004,1.0,-0.15197473523020993,-0.9517741877845622,-0.6596230325738442
0.40365060016420584,1.0,-0.8837985721372852,-0.916340503887561,-0.19365669796600624
-2.6837854790623874,1.0,0.5248383638110226,-0.9864854552639705,-1.489146755458895
-1.7609347677394214,1.0,0.4548828834699383,-1.0417884328121583,1.2449503494947756
-0.31900892553551313,1.0,0.05632241088006956,2.038414757589072,2.330033010454523
0.8854608782643932,1.0,-1.0049413224857018,0.15921254145809435,0.7973430005317725
-0.5144020066754796,1.0,1.7278792629174684,0.5666215322624578,0.8723310016366755
-0.39873710805910123,1.0,-0.46733493360967576,-0.33308656035703704,-0.22092661818167947
1.8480663678178297,1.0,-1.1939271179383621,-0.40188919197198414,0.31335434328528833
-1.0298641901547927,1.0,1.026971506502198,0.3752745285076002,0.5199978053432593
-0.33361876875621393,1.0,1.1309508508230215,0.21869492551337394,-0.9026375923409583
0.0945911388782333,1.0,-1.09645335293944,-0.6429553108186592,-0.19200283948890007
0.5453033348079016,1.0,0.8623006649479609,-2.428760451208077,-0.755737523864805
-1.4491233824153766,1.0,0.6849883774096743,0.19180667041494504,0.5616032656475479
0.27362691944675877,1.0,0.11151975003429747,-0.23391688423384027,0.4665866195872744
-0.3593308992860882,1.0,1.0465524814289293,0.8940287584596328,-0.2257290131504737
1.2598887541105148,1.0,0.7445768814552218,-0.18647137243164016,-1.7304452617797876
-0.0023706137270577132,1.0,-0.32143234084575734,-1.0048382450982989,-2.0055860187795735
0.0031081886226166384,1.0,-0.8793466513329999,-0.6706537810195505,0.8406466818804079
-0.7482254495675382,1.0,1.1250742018700266,-0.19775325646137598,0.24961255544465424
-1.4974895865233875,1.0,-0.8393871914356803,1.2803210646514949,0.17696052262976944
0.08062807694563459,1.0,1.0166978828296354,0.5861269357896227,-0.21697495399104233
-0.7613860877788204,1.0,-1.9721437066652028,-0.9237784345870917,2.4372616535851885
-0.41891251108650496,1.0,-0.5170587854667136,-1.2458783940397014,-0.38932797146497383
-0.7530238276569503,1.0,0.6299655208066298,2.1319868386620704,0.1106488704388258
-1.0333966248786108,1.0,0.07787110035202836,1.192957540975801,-1.5839403182166119
-0.8701801395170674,1.0,2.5337245736925658,0.386819557558892,-0.5239987930112245
0.8580254655190291,1.0,0.46960993786514715,0.6724330891260135,0.5501933258361915
-3.0562509276273935,1.0,1.4745788862847669,0.3713272361563326,-0.9107798006215686
0.8038222245192446,1.0,1.747571202370591,1.295319841081167,0.7647489754625854
-0.5632889672952623,1.0,1.8098195806470003,-0.3756259208865958,2.3041202120568216
-1.6866893282707451,1.0,-0.22827742815839253,0.8695143846870502,-1.344142592624629
0.9338173572931572,1.0,0.29016120730127626,1.4993898788741002,-2.0259724513442583
0.03143904994769954,1.0,-1.1838711254489378,0.42189053966652057,-0.5834033904939274
-2.0090912546743382,1.0,1.0604041643923157,0.7153287714001499,-0.36012643439111386
-1.436643176099872,1.0,-1.192003358095238,-1.1595949542280468,0.33766844162741044
-0.2727288905404644,1.0,0.9409558726995029,-0.440393105749912,0.80475517604439
-0.6091694574952863,1.0,-1.5906336502586196,-0.7398998573420176,2.012518612659016
1.0735572605345085,1.0,0.7926078742940498,2.1753208315478765,-0.5577412715213848
-1.2953705650542064,1.0,-1.9546501708863513,-1.0909104174927597,-0.25351268558825985
-0.35287163340239625,1.0,-1.189809872033285,0.3484702333134372,-0.5451363215422766
-0.3303289432443933,1.0,-0.734642272592626,-1.3847784514359764,-1.1036809827008656
-1.3199376448238314,1.0,-0.8589084623714249,0.6546726978639007,-1.82668103609162
-0.4129705512674539,1.0,0.05777224091972641,0.3349505596081236,-1.0873374295402252
-0.7703975745389661,1.0,-0.5259571309357081,0.603262531786369,-0.17973575915656845
-0.5910553399699686,1.0,-1.2776408931436223,-0.5092338035978351,-0.0182645378123754
0.3430411734711901,1.0,2.1676619921912113,0.6859720875843569,0.746134076822209
0.6774212663132745,1.0,0.8140571507119959,0.36873188171106286,-1.9867715979197829
1.3907493592305586,1.0,-0.8931411778171195,0.6736402126573929,-1.0132668827202254
-1.1392416974479895,1.0,0.8752700804254178,0.06149158556134739,-0.06717931088599136
1.297891948511219,1.0,-1.0926166517280327,0.18336212241515581,0.5298313471764038
0.796158111010542,1.0,-0.17436788361535482,-0.5049925844547232,0.9514233506759238
-0.15865332534020637,1.0,1.896335544581254,0.30825362799921807,1.025536270564468
-0.7992048417763253,1.0,-0.36734732687162763,0.8681898240993259,-0.389115317407572
-1.4679332925649489,1.0,0.7134453594511055,1.1619597725031832,0.909185994794584
-0.9008072324413343,1.0,-0.10572655591923288,-0.04004664270546609,-1.355493605831296
-0.91955846284074,1.0,0.6994095653697459,-2.560964706082818,-0.6105069962993603
-0.43977617189605145,1.0,-1.383666482339435,-0.8722499709381636,1.1593157193799206
0.4605823107387597,1.0,1.3814878952924545,0.18214975767034042,-2.733501445999033
-1.8237561619677352,1.0,0.7210109512521101,-1.9052245546174031,-0.5987225405240781
-0.1075101936633206,1.0,-0.704991543367439,-1.6340246938988512,0.40502231917871995
-0.6490445825080406,1.0,0.8620469797425258,-0.23963378260302604,-1.5463343540123389
-0.3620274949796088,1.0,-0.029923314127182545,-0.3056020309898881,-0.48371927131153525
-0.12550382266761134,1.0,0.6177779612721661,-0.0778403539792629,-0.5325489962666472
-0.00841606542435111,1.0,0.3260446327155358,0.9275413251841691,-0.25623248045986996
-0.08955297569899591,1.0,-0.5355116220525101,0.38226908342159505,-1.2857891579797072
-0.10921146582448239,1.0,-1.17055679375258,-0.5327603656019386,-1.1695362556206708
-1.3343056047700816,1.0,-0.6256574118010904,-1.597043774882395,-0.12830640482527905
-1.696392017354484,1.0,-0.24510682378630919,0.22930382509339844,-2.152838966706255
-0.3475334706793965,1.0,0.810954954365472,-0.37031799016374106,1.2091621111344286
-0.3758643027691541,1.0,0.8691876738192477,-0.27930693869141465,0.4889841125933085
0.1630992368170204,1.0,-0.09077504566113351,-1.4630716691069021,-0.424648900599668
-1.1015923891887542,1.0,-2.439675518422596,0.1685541063586684,0.06704276219324154
-0.5978432434960164,1.0,-0.016231114809076526,-0.06383979984797511,1.8991502566553096
2.422273666727697,1.0,0.7914678137025255,0.2837080848317521,-0.39090623437258143
-0.4002332509765799,1.0,0.5720601126758567,0.6032270403279426,0.3991905794626614
-1.0947108616699712,1.0,-0.6468108079144516,0.10993756128950342,0.007499824466702346
0.30210616904511867,1.0,0.0171831012196667,0.42417749348154027,1.0288162730737471
-0.3468443777455722,1.0,1.0133322705016659,-0.020301849277171317,-1.13093039076452
-1.7354836948753007,1.0,-0.6789386536501949,0.02146949102296712,0.30388672915059156
0.143494779986647,1.0,-0.3839427409653044,-0.4372066967093896,1.4384033750765428
-1.0498765554684482,1.0,-0.6775460962131866,-0.049807784898573806,-0.08465380849054499
0.26288266132083815,1.0,-1.8754931903879044,-1.8215222586440925,1.5957565108397882
0.3869491602490438,1.0,0.33940008411564415,0.7097065565081099,-0.12092516215472675
0.15383165727343368,1.0,-1.1654893489604992,-0.8057832914654045,-0.8997136729685941
-1.5079554942445828,1.0,-1.1988848565857368,2.577444799299423,-0.5953478474135747
1.4872128574111818,1.0,2.4763581087731685,0.43777957080845925,0.05463325336465247
-1.264099430684505,1.0,-0.9678974957878804,-0.21861606937890338,-0.6867451149546939
-1.0968066560423892,1.0,2.0447262278169047,-0.19619177206527508,-0.7998040422407336
-1.071124706777847,1.0,-0.30794655747926547,1.3188675881934435,-1.2977800247339661
-0.2594213630545908,1.0,1.006402563285636,-1.4920599575144344,0.8202849302274208
0.9632422122652347,1.0,1.8762594300554163,-0.9601690496102522,0.5856222970214898
2.3906365920606403,1.0,1.2632781227209708,0.4031713662124301,-0.8345376557067148
-0.32890921964496855,1.0,-0.12689797319796361,-0.41286669402273046,0.9185663597720345
-1.7583752821798755,1.0,-0.6218832804378241,-0.5835434912826951,-1.097950855949398
0.3193694101870817,1.0,0.15165257067723847,-0.9390931668232285,0.9850129946591789
-0.4009757077568419,1.0,0.10933947856883322,-2.3591566258754044,0.06923500215467344
-1.3793884561329346,1.0,1.6246251156181657,-0.3899602004363812,-0.7632662352794416
-1.0489006697128072,1.0,0.17132392957753523,0.1931904490113631,0.25044053099920555
-0.26691176906524927,1.0,-1.5869204247304898,1.0864279244432409,0.0835690698957764
-0.27258016152162595,1.0,-2.1939064192925954,-1.562433732181478,-0.2791909760446182
-0.29962600019172275,1.0,-1.9530469716234469,-1.7668063863428685,0.11891305828702013
0.694775660256204,1.0,-0.5861518517606565,0.6717372946211649,-0.05493875930498836
1.0140481223622346,1.0,-0.009921979304055728,1.133011474479324,-1.5220694054914718
-0.8466749505541371,1.0,0.5273760114500164,1.0813965392130815,1.0900233718161774
0.2666370703159533,1.0,0.5765894676343102,-0.5234384166644348,1.2004691357676367
1.4179529611620292,1.0,-0.24734478909020896,-0.12596252891885143,1.2784531327545139
0.16503801212899633,1.0,0.5664613448484226,0.5870588589319062,-1.7676209646338057
1.6009669603325518,1.0,1.496593083605486,-0.7709971035584806,0.5737350134656626
-0.3283964616420739,1.0,-1.730212055958658,-3.132881277295227,-0.03451653138595809
0.9927032496280902,1.0,-0.1802028343473032,0.12121399601950371,-0.33140405321419536
0.25816343813153864,1.0,1.1557764601309333,0.5327495840934028,-0.4629664797006483
-1.081105122308502,1.0,0.6844229049256348,-1.5821517779228602,-0.2909225294121031
0.3775356604584006,1.0,-0.47287625757285046,0.3752663833268417,0.29674126504461046
1.740933266015629,1.0,-0.6200967206857385,-1.308372715213173,1.00764542971731
0.5161928495181093,1.0,-0.5170724205911641,-2.1153274761758616,-0.49455543047373773
1.8164038436198615,1.0,-1.0749455880511252,-0.405239328181769,0.9803667726102693
-0.4230721253886999,1.0,0.11660278930290692,-1.710499786380877,0.31700462633396465
-0.6806794789024251,1.0,1.185393138311304,-1.7074880477234506,0.5141730111621547
1.4735423658796525,1.0,-0.7417796901645954,0.0835745032806507,1.268575601444138
0.008709080573927247,1.0,-0.8415241355330502,-0.5232417775641703,-0.5073726536373611
0.8488432867985556,1.0,0.33912055935849444,0.983602776922665,1.3020466024623933
-0.6327267084079597,1.0,-2.7194471043782498,0.8183699539238922,1.4047051109045174
1.1171855130810602,1.0,-0.16323975721975928,-0.7243846545653501,0.14267298055795996
-0.4586639533281147,1.0,0.9658281927187203,-0.4464011085397219,-1.7555344172289222
-0.13290537430174276,1.0,0.7605760492810585,1.4044108534909394,1.1402707369508223
-0.23207403871798887,1.0,1.438937309655446,-1.2648494157606158,-0.3188312640474894
0.5497213572842328,1.0,1.4481721565886543,-0.9942528836241639,0.7921710063809104
-0.17614656425092562,1.0,0.6984968837504838,0.8147778666945243,0.7437479713497619
-1.3802138985629713,1.0,-1.5861343454313734,-1.1074661218439563,1.7577396072633307
-0.21566320202160474,1.0,1.6970844000739345,1.217878544725528,-0.6265483014949199
-0.2922964527422439,1.0,1.3600994371157904,0.06282392704805394,-1.1079760629498396
0.25050442474810647,1.0,0.42304902799751437,1.0334853221418925,-0.1323336120984008
0.28987208743175474,1.0,1.4917152108077747,-0.31747170200476976,0.6692324474730865
0.8458631485834585,1.0,0.36045027800876794,0.08702436193598123,1.6294574273997289
-0.5779963083425711,1.0,-1.394887114160425,0.7878317327588208,-1.7240354715806987
2.348146385449636,1.0,-1.3624063349268742,0.525219032820479,0.41662034698690303
1.1163608554019364,1.0,-1.8892992607030732,0.668916615548276,1.6867092345435961
0.8232170371773838,1.0,-1.3220787729143368,-0.3205143399494976,0.5677480532041764
0.9113410351953791,1.0,1.6555101571372655,-0.10369011533143414,1.233583649433472
-1.1003741395916284,1.0,2.056705357294377,-0.2935677747955201,-0.6542732764664262
0.419395557247619,1.0,0.6616602137501728,0.8533117911266763,-2.302696592080221
-0.7224248379858742,1.0,-0.39944199691208465,-0.9861501626241597,-0.15400507357435975
1.8435626755494634,1.0,0.577245022020368,-0.44478802456992356,0.3095073288967745
-1.0464397686431957,1.0,-1.0171878397583218,-0.7319243308346105,-1.335646964187225
0.16263337674897832,1.0,1.7471449387078568,-1.1373736688417506,1.5300228561913496
0.44967508379029253,1.0,1.853610400752866,-0.11300306515484954,0.39209712478522385
1.124216425447608,1.0,-0.3121706719716006,-0.14276378792005448,0.6379081293990058
-0.7547948886917131,1.0,-0.1235841026050718,1.940637369679391,1.3529347517279449
-1.4474246760944154,1.0,-1.73925008423891,-1.055074212653304,-0.9304218559300026
0.2840128343545084,1.0,-1.2198349718377037,0.37682293583128207,-0.5919158324277992
1.1870942923907983,1.0,0.5389374736828322,3.6703704556802412,-1.5818091612204057
1.2255737986857516,1.0,0.338217285509786,-0.9172047125988534,1.067568340277429
0.17146230669175766,1.0,-0.33666196741150994,0.8308866033777419,2.6706184882388784
-0.9837321079790413,1.0,-0.9902724864574769,0.16953762162393748,-0.7006239067687908
0.40403435021950107,1.0,0.017456692097797114,-1.0972003204685858,-0.7894190054643528
-1.1008709303206294,1.0,0.050622158951737384,1.2331889674607495,0.5234300943321339
-1.115001856641922,1.0,0.3689434109417412,0.028012199797346746,0.7196533282730931
1.2802979184490502,1.0,0.5135805211163605,-0.7283785555971087,-0.11426784622606229
-1.4095712701290928,1.0,-1.373580871547465,-0.23042887475347223,0.1945119528841762
-0.37735505849452033,1.0,0.36459492202207827,-1.8712544322341578,0.40799468606854655
-0.2074324552357627,1.0,0.27659767629666965,-0.14127494185433845,-0.5827269171274925
1.0625378691151597,1.0,1.917999704061266,1.1769261468566907,1.18274679466587
0.7600741210184814,1.0,0.32004592092157685,0.5639116972882761,2.0037410625363763
-1.267690374045951,1.0,0.885686703432608,-0.9321623739987018,-1.4155849430269496
1.984116419499455,1.0,2.4499211484389574,-0.3398252475571566,-0.6407050336329085
0.9840233172174301,1.0,-0.2493632575466166,-0.33730362079537,0.038015638660709485
-1.0418650771473288,1.0,-0.1924405998664609,0.9636776893378419,-1.3779348588479958
0.0008527571972277714,1.0,0.002089206388718135,-0.07063186778192464,-1.4875098206506718
-0.3967618041350505,1.0,-1.2781052799727861,0.6183269392147656,0.7073558051236107
-0.21327389156648124,1.0,-0.48261153818923275,0.35397630402961505,0.5951815462849659
1.0246362990235143,1.0,-2.1452408140595356,-1.5231554886179748,0.05407506611317115
0.6528691769496885,1.0,-0.24681589529853357,-0.3941996090648794,-1.1168667124379508
-0.21937234296793065,1.0,-0.8974747764055098,0.5873088973346033,0.895040962510316
-1.534745167966588,1.0,1.8186850446115455,0.4429216023568737,1.2102703882321721
1.2247278067900582,1.0,1.3475051076351223,-0.4058030095807092,0.16904837617156018
-0.43735590501525984,1.0,-0.6046651422927731,-1.7388596840806658,-0.07567041849047353
-2.0151808116194108,1.0,0.7155109627779856,0.14118705548480645,0.04760769964103646
-0.38147364158359554,1.0,-0.8943470580605618,-1.4416978137608438,-1.2542827819951567
-0.4194376347184696,1.0,0.10372746601957644,0.3765768303555828,-0.3085437810229006
-1.026284646869681,1.0,-1.6952031745098533,0.23793143950043774,0.43480897759585135
0.5254464431124538,1.0,-1.685928882572973,-0.9551444577173138,0.1544188237026013
0.09333837581691018,1.0,-1.1506225034542137,-0.4392995513751704,-0.9972552637587553
-1.4522095286168217,1.0,-0.9864974145085699,-1.1311888735155293,-1.435255852035583
1.7843967043063913,1.0,-0.8323998631244786,0.09627072493960101,0.11085561429060113
-0.1198867052381447,1.0,-0.47418131963709775,-0.32283174284794,1.1763682806695979
0.7952560935725763,1.0,0.38884522489165396,-0.3963737865613432,2.1299281593524872
-2.4306655815222267,1.0,-0.12368290211174893,0.2546449281605232,-0.8350782053296373
-0.5862479535168961,1.0,1.9766596517050705,1.3903863295807324,0.458090291347811
-0.15299255964193006,1.0,0.06302419961638278,1.4378884017864755,-0.23663924033613376
0.9126898852925499,1.0,-1.9999771574119058,-0.29874688098635815,0.6227854821056452
-1.3405384680629724,1.0,0.6932758128673674,-0.2758642494107056,-0.2320031874328144
-1.179897339834819,1.0,0.2619902760055594,-0.5479867129298736,-0.18013310287368064
-0.7245589067081231,1.0,3.5272063737336237,0.1261297904551213,-1.2914816416654875
-0.11940773341063972,1.0,0.708134783318302,0.4741759237041406,-0.13928781784659203
1.1875584552336296,1.0,-1.776810620646821,0.18173280200121414,-1.0160794741049894
1.784359063176753,1.0,1.482576647664408,0.4173263600388668,0.9710266968317137
0.3185452088199594,1.0,-0.9823958624006395,0.4212685358358913,-0.024801089348042517
0.6235974658328854,1.0,0.9043507117925582,-0.0363592027983559,-1.4960069318634428
2.2966603174707223,1.0,0.334733255401358,1.9845767318875205,-0.14494821260274662
0.49783688598315246,1.0,-0.21395502807029348,0.21204801135960646,-0.14316537155978684
1.0308783048868941,1.0,-0.7623218275479614,0.35659184643396624,-0.7500821540647049
-1.0585639589740274,1.0,-0.4935182073090246,-0.0894588247491838,0.10839957249074055
-0.05218475896077451,1.0,-0.33628186981020936,1.8723335276289488,0.6803519014639218
-1.4681259682313177,1.0,1.4434531398659465,0.8240066177501005,-1.0406944936980431
1.1192969617611104,1.0,0.3500453096935574,-0.16226752390692925,-0.6154455201915175
1.3120776078370553,1.0,-1.15903888578921,0.2471619063941573,-0.1323890369758472
0.5906675760233587,1.0,0.2897474586895727,0.23022933230778256,0.2346920612209088
-0.16127234720780148,1.0,-0.07727106458703652,-2.789782870063131,0.5343589366134224
0.5029775960864132,1.0,0.756361477082155,-0.6766418950266668,0.04372817568500084
-1.2854048518394534,1.0,-1.0066704025322446,0.887297409215431,0.20022006145039678
1.5904804642684431,1.0,0.24689106488496282,-0.0031621591241419527,1.1711158748811947
0.45367766798883946,1.0,0.14956155687177622,0.13172892292226196,-1.7084163929742906
2.131224323732168,1.0,-0.12835902427716325,-0.06508602836721959,0.16364268991056963
0.4882715913235042,1.0,1.4332794342654875,0.06471326024295994,0.6865932882008688
-1.4077526590929688,1.0,0.29602294915649907,-0.6037498956110534,0.2649654910735746
1.6753183656554929,1.0,-0.08895166240742726,-0.3441782040482126,0.47355430023287204
0.4262674699855814,1.0,0.6738431150957986,0.5609306681984202,-1.8652835364852336
0.9965811759098342,1.0,1.7557167208288027,-0.5825325211077858,-1.2630242420731386
-0.02135711087653232,1.0,-0.1203405531230136,-0.6510607056662855,0.23511377385612334
-1.6818406679668163,1.0,-0.865194720496632,0.8698370407929273,-0.8250836344610382
0.23966102701758218,1.0,0.31903180032208484,-0.3408681752338561,-0.26135918456978074
1.0174609381262247,1.0,1.220183607429522,-0.04896531888371544,-0.5770569521548362
0.9406674041074484,1.0,-0.1245747538284277,2.849761871202133,-1.9532208248986407
0.4703943058109409,1.0,-0.9550991676972912,0.25346613887936875,-0.11445572877084893
-0.8215475740876804,1.0,-0.631068443051362,2.10665712368884,0.6568961465046446
-1.1900123852951099,1.0,-0.7660619477421666,-3.1563951647067463,-1.0785931612382416
-1.0104838366212998,1.0,1.2984723310423945,1.5601108962924572,-1.9812383912552851
-0.9649062553227516,1.0,1.029226139167112,-0.0792421456928588,0.13259150480473578
0.9084149043314896,1.0,-0.3204408869417028,1.3611309722503513,0.5397310650967038
-1.9376275054308782,1.0,0.23749161885912803,-0.2066411107409411,-0.4937231883955294
-1.5551065823947936,1.0,1.7730293808906858,-0.6501491803316275,-0.8466844920918043
0.4978685379883937,1.0,-0.701150344400948,-1.650823399725802,1.2095732098523126
-0.9733963784407139,1.0,-0.4273337307644667,-0.5417674335035604,1.477920632896812
-0.3595004790079566,1.0,0.37222453885562606,-2.132369562674166,1.3301941645738224
-0.6144100771251401,1.0,-2.6727769871548888,0.32786955460931166,0.9137417276206095
-0.7471866088515844,1.0,-0.02736003327411336,0.4397084485302581,0.8528142292989866
2.069983396130247,1.0,-0.0282535452080568,0.7377472531065645,0.46617807737974043
0.5986436834663409,1.0,-2.3061610146748315,-0.24038642353189857,0.33214683118748495
1.5510768616345727,1.0,-0.30355032144630373,0.4914071194609732,1.7678393503096723
-0.9460403576944824,1.0,-1.8230359966682976,0.05109692754212935,0.9854304717760426
0.07804636078345537,1.0,0.6649950464672332,-0.4999941975303084,0.5475651399690666
2.5292597014065445,1.0,1.4267521551142421,0.09188170359186887,-1.6968505227734036
0.11585121526961983,1.0,0.8127138702255845,0.7895071667201955,-0.14792149718602152
-0.4018935396247425,1.0,-0.6666175308487862,-0.32165073268883493,-2.0047129603452616
-0.7019444557895255,1.0,0.10540489345036451,0.3051060887206433,0.4470608857116554
1.7110224424301086,1.0,1.2606253145165085,-0.9109160573337804,-0.04970227982923258
-1.781247247699623,1.0,0.3487452844737409,1.4658958029456035,-0.7612727258804558
0.22877005744704515,1.0,-0.6025658818637813,-0.363771889974538,0.26996791181282803
0.3657462513417161,1.0,3.910190450779021,-0.9823763828417478,0.12192732426870168
2.1432848902827515,1.0,-0.4287165017453306,-0.2449108272289305,0.374068002424748
-0.9274616935161792,1.0,-0.4749171827174198,1.0568126190104559,1.2036484141992534
0.22648433389105785,1.0,0.3782232755161995,-0.5519064750409362,1.121021131704677
-1.9760969796886616,1.0,0.6944382923988835,-0.9183380035443672,-1.0432757195444808
2.1936344581483693,1.0,-1.415881397212663,0.01618898441617904,-0.5811921378160192
0.7155677474369595,1.0,-1.3791263038384807,0.680963354331835,2.022786447925702
-1.1031419206695703,1.0,1.2547503980866883,0.7180981322332828,1.3604902620457044
-0.2619952912771771,1.0,0.30342228228930745,-1.1844342035743671,1.1359938302836834
1.4930537536689563,1.0,0.1822246015628563,0.96000257715469,0.5115212596582979
0.1894580421327212,1.0,-0.28030354934112406,-0.10767192764746039,1.3309766236928768
0.9510974350716728,1.0,-0.5490932016504709,0.17608266854114218,-1.6651531618624744
0.9915970450510216,1.0,-0.1651016816303391,0.21108653363065355,-0.1648554120597338
-1.4461640622872476,1.0,-0.1762046460541085,-0.17977678520120602,-0.2088867233584928
0.14224934921204224,1.0,0.6022718620599988,-0.39046451532318566,-0.1259706115070361
1.304338743607033,1.0,0.33669385886092934,-0.32541552298297916,0.6481709756056915
1.2201258041860208,1.0,0.6670380331188632,0.48668547850692007,0.08726966474534546
1.974003614590825,1.0,-0.7309742510162065,-0.011772801958255794,2.0275089803008335
-1.7338223142086788,1.0,0.6051034877751206,1.1712807700176944,-0.14476563118674646
-1.9242887056247475,1.0,0.31877167368901554,0.2930294351397504,-0.5190495040104334
1.7278827606892009,1.0,1.1935226410264572,-0.6139411947172992,0.7339188027729033
0.3326284625389856,1.0,-1.6206726178928097,-0.8435068420875772,1.0192138381888831
-1.3184220618476283,1.0,-0.5580566280686077,-0.5380787770384623,-0.79288794449137
-0.9498214510629875,1.0,-0.4532880739392942,0.48576918385276757,1.097626689938468
0.35799928150416827,1.0,0.9047235759392962,-0.10660181207080194,1.1518235099481287
0.1960798825306454,1.0,2.7583135969652544,-0.7110462932378042,-0.6248468706894402
0.5798746221156814,1.0,0.08879109107982508,1.3956815484841143,-0.5942937321331767
-1.9539994221364658,1.0,0.04027247576822337,-0.837279614530389,-0.5078858700468855
0.1882511281366835,1.0,-1.3400437283137923,0.6883039392057796,0.29959600229204664
-0.7556924267032139,1.0,-0.16325389264070217,-0.2682688355747746,0.09050340538265458
0.36990866889886265,1.0,2.4010260941019435,0.20784669158032934,0.5224592646250003
-0.3634690414966741,1.0,1.2804409914701462,0.392433312730045,0.011507102504425435
0.9282043384389727,1.0,1.795075856795555,-0.14747614917629653,-1.2032403451811973
-0.7639627698414831,1.0,0.4213152492309009,-0.7692629282073993,0.137001253524262
1.0883548098486024,1.0,-0.7824925606832935,0.09792294228126326,1.4562835493428028
-1.3989255225296036,1.0,0.384765969232554,0.4039549493910102,0.36147427165415114
1.078381508778875,1.0,-0.2057386826430771,-0.5960946412606147,-1.4834683891643126
-0.11372669355643907,1.0,0.30957883231575534,0.6197622585434144,0.3204993533317649
0.25033180843864355,1.0,-1.117091730936631,-0.6541193569500791,-0.18471775418812536
1.0557289479241008,1.0,-1.0289033102620941,1.195425176286829,1.4524005132749247
-1.760472643617671,1.0,-0.7689934172154121,0.7639388220798734,-1.3857500947160912
0.08422669984693279,1.0,0.6553961571665485,2.136926973189648,0.05182331624201632
1.785552619800439,1.0,0.646799451963294,-1.0687887727559413,-0.7843253690707563
-0.4140963200885225,1.0,-0.025869744492795284,0.27753998755878173,0.27500023862189166
0.6864537187044817,1.0,-1.099327036248732,-2.2681568221099617,-1.237379027144936
0.545864852356058,1.0,0.548027983710173,0.14097208317936694,1.7843874460622526
1.557059343217355,1.0,0.7099085330526123,-0.7029931344268935,-0.7373544764759811
-0.0630366652232894,1.0,-0.019391769943301156,0.13657742172900444,-0.710980632223644
0.6238249907742913,1.0,-0.06622892078998187,0.8970939655685095,1.7689760237820524
0.7686941548047184,1.0,-0.8672733448618841,0.5705776449789212,0.22459306309528684
-0.1014136189162049,1.0,1.3136081819170553,0.21343446848529074,0.7777618345297717
1.369936280180276,1.0,-0.5645972803536855,-0.7652028750301549,2.2430962925344433
0.3207694172078138,1.0,1.4146455539230893,-0.4967890108049312,0.1340109195702094
-0.49283762861583336,1.0,-0.3086423851472588,-1.208940166837169,0.1944429975789265
-0.22143672616024113,1.0,-0.21834087402011002,-0.18620446073564076,0.5145549065050405
1.65980387504961,1.0,-0.6462269829645434,-0.24114016423068377,-0.6530790934378772
0.637672390189186,1.0,-0.4617280341487153,0.2066349434436139,-0.08311942379530637
-0.7902565939397379,1.0,-0.7064052976093578,0.7985867091090645,0.4379117363589916
-0.5050168198620227,1.0,-0.9410170739369417,0.2958238634394091,-1.1361223723104428
-0.7758831184233764,1.0,-1.129293495000903,-0.5200957959513809,1.7436889814016698
-1.817264829939583,1.0,-1.8140902223277136,0.5534055157726906,-0.09505276928828803
-1.300436791902178,1.0,-1.452873377524813,0.8729039551363804,-1.1536324917477714
-0.11049137028218353,1.0,-0.17166824333601652,0.790723887937476,-1.1939704450848212
-0.8443407934432544,1.0,-0.6912106045821141,-1.7146017096960249,0.21652297524388886
1.3349190695914852,1.0,0.0550801538761049,0.9768682160638137,0.6560148988163834
-0.6792396303489554,1.0,0.6807654510985274,2.6715267375140943,0.4129716104898916
0.6747373284194766,1.0,0.12370104757759806,0.6738524965889426,0.22790584192878952
-0.40415864747352886,1.0,0.16984635329967562,0.6398904379782523,-0.6617815948351117
0.793146085914823,1.0,0.0011405933191595645,-1.1053303527936367,1.963273329759919
-0.274718179615132,1.0,-0.06738044722605414,-0.8408862094269041,0.4756923539379326
-0.4671953469795538,1.0,0.18889350276509934,-0.9056543131021282,-1.2135865171878848
1.0100173178753202,1.0,-0.9778664508165456,0.46356502180414894,1.428642782573323
0.056374242619186214,1.0,0.27738456441338427,0.7089563027938525,0.6388274081716618
1.1098466007613175,1.0,-1.7252870194328205,1.001636330144842,-0.35509696962631926
1.0694597650749142,1.0,-1.0622334784207386,0.003764283458545571,0.2398164105487562
0.18495309910097615,1.0,0.46947664504101144,1.0745476045650477,0.616891520973252
0.7803979993014639,1.0,0.6623308193648505,-0.624313313218055,-0.23081250274863627
0.07341877937813363,1.0,0.8409761295318666,0.47666193051048567,0.21808594256160044
0.6136893828601848,1.0,2.140366573594795,1.6741533793559393,-0.7113926757267744
1.0685548105673048,1.0,-1.6531344131791772,1.2779697891902813,1.2179539611932262
-0.7470103248038558,1.0,-0.19978249226969888,0.5344188208457692,0.7976525721820084
1.6896976512763735,1.0,1.7136179804685798,0.44742027363156767,-1.1329576980784957
0.8723886479212758,1.0,-0.452603908479102,-0.7991518430106943,-0.2551285895395451
2.2141433232799574,1.0,-0.5651693381607596,-0.7938758692678836,0.1351078598146478
1.4634702050109643,1.0,-0.027353904035138626,0.25435127124988666,0.060016054197770834
-0.042053599671550014,1.0,-0.6126160600234134,1.421301517904121,-0.522175946028381
-0.5328778705535475,1.0,-0.2329557273331293,1.2579044772457182,0.8529245510727409
